Companies,Careers Link,Job Openings,Applied/Not Applied,Hr contact,Location,status
Google,,,,,,
Microsoft,,,,,,
Amazon,,,,,,
Intuit,,,,,,
Zepto,,,,,,
Swiggy,,,,,,
Oracle,,,,,,
Zomato,,,,,,
Ridecell,,,,,,
What more,,,,,,
Groww,,,,,,
Siemens,,,,,,
Flipkart,,,,,,
Atlassian,,,,,,
Nvidia,,,,,,
Salesforce,,,,,,
Cisco,,,,,,
Walmart,,,,,,
Zoho,,,,,,
Yugabyte,,,,,,
Finbox,,,,,,
Autodesk,,,,,,
Bread Financial,,,,,,
Xflow,,,,,,
CGI,,,,,,
CSG,,,,,,
Paypal,,,,,,
Juspay,,,,,,
D. E Shaw,,,,,,
S & P Global,,,,,,
JP Morgan & Chase,,,,,,
Morgan Stanley,,,,,,
Barclays,,,,,,
Paytm,,,,,,
Phonepe,,,,,,
Kickdrum,,,,,,
Meesho,,,,,,
Increff,,,,,,
Nomura,,,,,,
Bosch,,,,,,
Service Now,,,,,,
Adobe,,,,,,
Pubmatic,,,,,,
Jio,,,,,,
AMD,,,,,,
Myntra,,,,,,
Stripe,,,,,,
HSBC,,,,,,
MindTickle,,,,,,
Mastercard,,,,,,
Veritas,,,,,,
Zeta,,,,,,
Hiland,,,,,,
Honeywell,,,,,,
Shell,,,,,,
Linkedin,,,,,,
Limechat,,,,,,
Khatabook,,,,,,
Zoom,,,,,,
MPL,,,,,,
BNY Melon,,,,,,
Powerplay,,,,,,
Citi Bank,,,,,,
Nuance,,,,,,
Finflux,,,,,,
IBM,,,,,,
Uber,,,,,,
CRED,,,,,,
Bhanzu,,,,,,
Mercedes-Benz,,,,,,
Devrev,,,,,,
EY,,,,,,
Synopis,,,,,,
Lending Kart,,,,,,
Beep kart,,,,,,
Mckinley Rice,,,,,,
Synopsis,,,,,,
Deutsche Bank,,,,,,
Media.net,,,,,,
Credle Point,,,,,,
Zscaler,,,,,,
Amdocs,,,,,,
Apps for Bharat,,,,,,
Ericson,,,,,,
Barco,,,,,,
Samsung SDS,,,,,,
Samsun R&D,,,,,,
Blue yonder,,,,,,
Wells Fargo,,,,,,
,,,,,,
Zoomcar,,,,,,
MoneyTap,,,,,,
Zivame,,,,,,
Zerodha,,,,,,
Razorpay,,,,,,
Rentomojo,,,,,,
Dailyhunt,,,,,,
GingerCup,,,,,,
Colive,,,,,,
StayAbode,,,,,,
Amagi Media,,,,,,
Ezetap,,,,,,
Simplelearn,,,,,,
Zefo,,,,,,
HappyLocate,,,,,,
Corefactors,,,,,,
PurpleRain,,,,,,
BlueStone,,,,,,
Systemantics,,,,,,
InstaScribe,,,,,,
Blackbuck,,,,,,
Flutura,,,,,,
CueMath,,,,,,
75F,,,,,,
Practo,,,,,,
KredX,,,,,,
HouseJoy,,,,,,
Ather,,,,,,
YouPlus,,,,,,
Tookitaki,,,,,,
Exotel,,,,,,
DailyRounds,,,,,,
TalView,,,,,,
Get My Parking,,,,,,
Mphasis,,,,,,
Nexhop,,,,,,
Fabulyst,,,,,,
XoXodat,,,,,,
Ezyhaul,,,,,,
Appriffy,,,,,,
Fanzart Fans,,,,,,
Enguru,,,,,,
Dunzo,,,,,,
FindMyHealth,,,,,,
Kapture CRM,,,,,,
Money View,,,,,,
WoofWoofNow,,,,,,
Factoreal,,,,,,
Kipstay,,,,,,
Healthy Master,,,,,,
Cashfree,,,,,,
De Space,,,,,,
Ninjacart,,,,,,
Foxmula,,,,,,
GrabonRent,,,,,,
ZestMoney,,,,,,
Drivezy,,,,,,
Multibhashi,,,,,,
ASmyBrand,,,,,,
Luxaire,,,,,,
Strata,,,,,,
Bonito,,,,,,
Voonik,,,,,,
Spoonshot,,,,,,
Refrens,,,,,,
AttainU,,,,,,
Blowhorn,,,,,,
MyCaptain,,,,,,
CamfyVision,,,,,,
Docttocare,,,,,,
Arzoo,,,,,,
Grexter Living,,,,,,
Vedantu,,,,,,
GamesKraft,,,,,,
LegalDesk,,,,,,
Capital Float,,,,,,
Recko,,,,,,
Embibe,,,,,,
BuyHatke,,,,,,
Chumbak,,,,,,
Elocals Dakoo App,,,,,,
Upgrad,,,,,,
Ziwame,,,,,,
Innoviti solutions,,,,,,
Rupeek,,,,,,
Perfios,,,,,,
Livespace,,,,,,
Scripbox,,,,,,
CoinSwitch,,,,,,
CoinDCX,,,,,,
CoinBase,,,,,,
Playment,,,,,,
Vahan,,,,,,
GlowRoad,,,,,,
epiFi,,,,,,
Slick,,,,,,
American Express,,,,,,
Standard charterad,,,,,,
bank of america,,,,,,
Well's Fargo,,,,,,
Societe general,,,,,,
general electric,,,,,,
Whatmore,,,,,,
Spyne,,,,,,
Honeywell,,,,,,
